Time(s),Net_Receive(MB/s),CPU_Util(%),Disk_WR(0.1*MB/s),Mem_Util(0.01*MB)
1,0.016881,11.793,0,47.42
2,0.0183334,12.073,0.193359,47.23
3,0.0173368,6.734,0.025,47.28
4,0.0166454,12.605,0.00273438,47.65
5,0.0219126,16.795,0,47.80
6,0.0242004,4.623,0.0183594,47.83
7,0.0163174,10.469,0.0140625,47.85
8,0.0405598,6.818,0.000390625,47.82
9,0.0172539,13.354,0,47.92
10,0.0370712,19.195,0,48.61
11,0.0350504,7.512,0.0179688,47.84
12,0.0263691,8.012,0.00273438,47.83
13,0.0246696,7.142,0,47.85
14,1.16415,13.919,0,47.90
15,1.16475,13.641,0.613672,47.94
16,0.585624,10.036,0.0269531,48.00
17,0.59827,12.119,0,48.04
18,0.610474,23.525,0,48.70
19,1.17507,10.802,0.034375,47.97
20,1.17957,10.497,0.0136719,47.98
21,0.0525322,9.252,0.003125,47.99
22,1.21695,6.219,0,48.00
23,0.191361,7.334,0,47.97
24,2.372,11.069,0.0175781,48.00
25,0.695709,9.359,0,48.05
26,2.41765,18.867,0,48.47
27,2.42773,17.636,0.003125,48.08
28,2.41231,16.273,0.0171875,48.10
29,0.112716,9.583,0.00273438,48.11
30,1.32484,8.827,0,48.06
31,1.27607,6.088,0,48.10
32,0.174604,8.473,0,48.12
33,1.32242,8.795,0,48.12
34,0.146199,11.028,0,48.14
35,0.12964,22.009,0.477344,48.87
36,0.30156,13.143,0.003125,48.12
37,0.199224,9.206,0.0148438,48.13
38,0.270937,10.746,0.00273438,48.15
39,0.71726,8.379,0,48.11
40,0.296916,11.746,0,48.11
41,2.47872,10.894,2.35234,48.12
42,2.23605,11.683,0,48.16
43,0.258752,16.399,0,48.63
44,3.56429,18.631,0.003125,48.15
45,3.60918,10.913,0.075,48.19
46,4.12056,16.717,0.00273438,48.17
47,3.62302,10.130,0,48.19
48,1.95887,17.074,0,48.21
49,1.3839,17.491,0.025,48.25
50,3.59778,10.790,0,48.26
51,4.04413,13.171,0,48.28
52,4.05262,19.082,0,49.01
53,2.56855,15.394,0.329297,48.27
54,4.72726,11.512,0.0160156,48.34
55,4.73569,9.623,0.00273438,48.37
56,3.58835,8.880,0.0191406,48.42
57,0.319852,13.329,0,48.44
58,3.63363,10.974,0.0175781,48.40
59,5.02225,13.304,0,48.33
60,5.19734,17.918,0,48.65
61,4.20212,15.985,0.003125,48.29
62,3.0569,9.157,3.22227,48.31
63,3.59363,8.655,0.003125,48.31
64,5.842,12.218,0,48.34
65,3.04869,9.041,0,48.32
66,2.00274,14.259,0.0300781,48.33
67,1.88147,11.845,4.86641,48.37
68,3.54983,25.486,0,48.28
69,2.60578,21.240,0.0289063,49.02
70,2.56037,10.790,0.003125,48.16
71,5.76727,9.185,0.0144531,48.18
72,4.75082,9.024,0.003125,48.19
73,2.99082,9.443,0,48.19
74,4.67244,7.312,0,48.21
75,2.43346,7.405,0.0199219,48.22
76,4.55619,12.948,1.23672,48.26
77,3.53969,20.478,0.009375,48.80
78,2.23262,16.521,0.003125,48.30
79,5.14497,18.040,0.0148438,48.36
80,3.45646,10.477,0.003125,48.38
81,1.94583,8.056,0,48.38
82,3.08139,9.299,0,48.38
83,5.16092,9.494,0.0195312,48.37
84,3.50954,8.661,0,48.38
85,4.20028,14.874,0,48.40
86,3.12969,19.134,0,49.08
87,4.89916,12.522,0.003125,48.36
88,4.75326,18.998,1.08359,48.38
89,4.11692,8.373,0.003125,48.40
90,2.45444,11.152,0,48.41
91,4.72012,14.311,0,48.40
92,3.61711,10.931,0.028125,48.43
93,3.12808,12.608,8.11445,48.44
94,5.77214,18.557,0,48.94
95,2.47456,14.303,0.003125,48.42
96,4.69392,9.002,0.0222656,48.43
97,3.62598,11.600,0.0046875,48.43
98,4.21054,9.926,0,48.39
99,1.43318,12.407,0,48.40
100,2.53845,11.165,0.0246094,48.40
101,3.69647,11.323,0,48.41
102,4.07871,13.799,0.00078125,48.49
103,2.52071,18.545,0,49.21
104,4.20203,11.475,0.003125,48.43
105,2.61517,9.520,0,48.45
106,2.04661,9.168,0,48.47
107,5.08715,11.213,0.0175781,48.43
108,5.88337,8.293,0,48.47
109,1.40157,13.231,0.0160156,48.48
110,4.80002,14.339,0,48.48
111,4.83102,19.256,0,49.01
112,3.67385,13.520,0.003125,48.52
113,4.69768,8.195,0.0183594,48.54
114,4.70558,9.136,0,48.38
115,4.7059,10.225,0.829297,48.43
116,3.07807,7.771,0,48.45
117,5.2846,10.634,0.0277344,48.46
118,3.64385,10.585,0,48.47
119,3.01724,16.500,9.02305,48.66
120,5.7292,27.723,0.0359375,49.33
121,1.36718,8.652,0.0175781,48.56
122,3.56378,11.016,0,48.59
123,5.19587,7.649,0.0242188,48.59
124,3.61138,8.173,0,48.60
125,3.62384,8.328,0,48.60
126,4.69334,7.861,0.0234375,48.59
127,2.59007,12.239,0,48.59
128,1.95051,18.938,0.00078125,49.15
129,3.10829,14.259,0.003125,48.57
130,4.19386,8.585,0.0214844,48.60
131,4.13074,20.775,0.00195312,48.58
132,2.49531,8.895,0.00429688,48.60
133,3.67745,10.177,0,48.61
134,3.1344,10.138,0.0214844,48.55
135,4.18271,8.216,0,48.59
136,4.09834,16.532,0.0648438,48.98
137,1.97783,16.085,0.0152344,48.55
138,5.78698,9.220,0.0132813,48.56
139,3.5816,7.875,0.00195312,48.55
140,2.02048,8.185,0,48.55
141,4.74632,9.823,1.02969,48.56
142,1.32784,20.296,0.0265625,48.53
143,3.09629,8.717,0,48.58
144,2.156,14.338,0,48.56
145,2.59811,21.402,7.84453,49.31
146,3.74213,10.351,0.003125,48.55
147,2.01039,8.992,0.021875,48.56
148,2.54067,11.225,0.00195312,48.55
149,3.12492,10.307,0.0273438,48.56
150,2.57272,9.074,0,48.56
151,5.29208,10.688,0.0207031,48.58
152,3.00706,15.671,0,48.59
153,2.57367,18.552,0,49.16
154,2.54622,19.901,0.0261719,48.60
155,3.55402,9.268,0.0207031,48.62
156,5.32773,9.683,0.00195312,48.64
157,4.74922,8.753,0,48.64
158,1.39255,8.970,0.0015625,48.64
159,3.09924,10.864,0.0179688,48.64
160,0.385683,8.373,0,48.65
161,4.07336,17.299,0,48.91
162,4.69762,17.902,0.00078125,48.64
163,4.24816,14.592,0.0171875,48.63
164,5.70144,15.352,0.00195312,48.61
165,1.97759,9.920,0,48.63
166,2.03639,10.344,0,48.63
167,3.10181,14.812,0.0265625,48.63
168,4.07956,9.156,0,48.64
169,3.58062,14.736,0,48.66
170,4.61988,20.937,0.0265625,49.41
171,4.19981,11.350,7.15234,48.65
172,4.11301,8.518,0.0375,48.65
173,4.74417,15.221,0.00234375,48.61
174,5.77808,9.699,0,48.61
175,4.72514,13.753,0.00078125,48.61
176,4.18605,10.298,0.0179688,48.62
177,5.86513,12.121,0,48.64
178,4.78088,18.621,0,49.15
179,1.94066,19.509,0.003125,48.64
180,1.8827,7.446,0.034375,48.66
181,4.08726,10.720,0.00234375,48.66
182,3.55942,10.974,0,48.60
183,4.80877,8.247,0,48.62
184,3.28099,16.272,0.0398438,48.64
185,3.61624,11.207,0,48.65
186,4.20749,17.174,0,48.94
187,4.79863,20.818,0.003125,48.65
188,1.98251,8.880,0.01875,48.65
189,4.19052,9.590,0.00234375,48.67
190,3.88096,9.433,0,48.67
191,3.62788,7.863,0,48.65
192,5.93036,15.073,1.12383,48.60
193,2.48661,8.064,0,48.62
194,5.95358,16.337,0,48.66
195,5.76342,22.787,0,49.44
196,3.66857,11.384,0.003125,48.67
197,3.71183,13.244,9.27734,48.68
198,4.79894,13.003,0.0441406,48.65
199,4.16381,12.794,0.075,48.60
200,1.37184,8.768,0.000390625,48.62
201,4.16989,8.598,0.0152344,48.61
202,3.12411,9.820,0,48.64
203,6.35036,17.396,0,49.08
204,3.63634,14.961,0.003125,48.64
205,5.26776,16.563,0.0226563,48.64
206,1.33065,8.019,0.00234375,48.65
207,5.28201,8.302,0,48.59
208,4.72309,8.832,0.0226563,48.60
209,4.18476,11.326,0.0160156,48.61
210,4.69799,8.188,0.0527344,48.64
211,4.64654,14.707,0,48.78
212,4.65784,19.500,0,49.41
213,2.46467,8.439,0.021875,48.63
214,4.67131,9.096,0.00078125,48.64
215,3.01477,14.276,0.00234375,48.65
216,3.63986,10.012,0,48.68
217,5.19898,14.629,0,48.68
218,4.7335,9.818,1.58984,48.70
219,4.16531,16.812,0,48.67
220,1.32902,16.309,0,49.26
221,3.71273,14.026,0.0453125,48.66
222,3.60913,8.779,0.0136719,48.67
223,4.62393,9.899,8.50195,48.65
224,3.00302,7.948,0,48.64
225,4.72913,9.451,0,48.65
226,4.73721,14.593,0.0242188,48.65
227,6.9204,11.057,0.0015625,48.67
228,3.6746,18.714,0,48.88
229,2.60694,17.578,0,49.46
230,4.75103,12.309,0.021875,48.68
231,5.74005,14.738,0,48.71
232,1.29099,6.851,0.00078125,48.71
233,6.4515,8.954,0,48.71
234,4.75843,8.268,0,48.70
235,2.53497,6.784,0.01875,48.69
236,3.03906,11.794,0.0242188,48.71
237,3.58723,21.180,0,49.27
238,4.14601,12.873,0.003125,48.70
239,3.7348,10.686,0.0191406,48.69
240,4.19408,8.611,0.0246094,48.70
241,5.23471,9.720,0,48.70
242,3.08367,8.474,0,48.70
243,2.99968,14.232,0.0207031,48.71
244,4.74553,10.789,0,48.74
245,3.58772,16.030,0.673828,49.05
246,3.63284,14.574,0.003125,48.72
247,5.79729,15.245,0.0265625,48.74
248,1.9644,9.840,0.00273438,48.73
249,4.70321,11.724,8.83789,48.74
250,3.65794,11.001,0,48.75
251,3.64802,9.613,0,48.75
252,4.11251,7.281,0,48.76
253,3.56447,15.097,0.0015625,48.76
254,0.817649,16.274,0,49.51
255,1.87619,19.770,0.003125,48.74
256,3.60349,11.152,0.0214844,48.74
257,4.74781,10.372,0.00273438,48.74
258,3.64288,14.693,0.0199219,48.77
259,2.47019,9.057,0,48.76
260,5.57434,8.905,0.0171875,48.76
261,4.14402,11.001,0,48.78
262,1.45448,15.876,0.00195312,49.10
263,5.83127,18.089,0.003125,48.77
264,2.10953,8.888,0.01875,48.76
265,5.33805,9.422,0.00273438,48.75
266,4.67815,13.009,0.025,48.74
267,3.00877,7.584,0,48.75
268,2.9861,13.558,0.0210938,48.70
269,4.23931,14.579,0,48.70
270,4.5934,13.516,0,48.73
271,5.34012,22.738,1.26641,49.41
272,4.69463,9.872,0.003125,48.66
273,3.5752,9.969,0.0140625,48.69
274,2.59406,9.212,0.00273438,48.69
275,5.23543,10.804,8.31367,48.70
276,4.5629,5.947,0,48.71
277,3.06508,9.214,0.0253906,48.69
278,2.50734,15.063,0.104688,48.72
279,3.61286,23.648,0.00351563,49.25
280,0.947597,14.613,0.003125,48.73
281,3.63292,12.648,0.0164063,48.72
282,3.54577,10.562,0.00273438,48.75
283,4.60034,8.466,0,48.75
284,2.00411,7.400,0.00078125,48.77
285,4.07642,10.475,0.0207031,48.74
286,3.62608,8.063,0,48.75
287,3.01754,13.125,0,48.75
288,4.63729,19.393,0.00390625,49.49
289,3.66365,9.200,0.003125,48.73
290,4.96002,19.621,0.021875,48.72
291,4.00622,9.352,0.00273438,48.73
292,3.63503,11.131,0.003125,48.75
293,3.59422,12.024,0,48.75
294,3.59876,9.956,0.0222656,48.76
295,4.23226,12.187,0,48.79
296,4.77858,18.773,0,49.19
297,3.10116,16.166,1.11133,48.77
298,3.02918,9.817,0.028125,48.70
299,3.66779,9.241,0.00273438,48.72
300,5.27561,9.189,0,48.76
301,3.57466,22.271,8.31328,48.76
302,3.41628,11.574,0.0246094,48.77
303,4.7017,10.772,0,48.77
304,3.73862,14.231,0,48.77
305,4.16134,18.469,0,49.50
306,3.63994,13.786,0.00390625,48.78
307,2.5257,10.442,0.0179688,48.77
308,3.6376,9.950,0.003125,48.79
309,5.80184,9.681,0.0175781,48.73
310,4.68376,9.422,0.00195312,48.75
311,3.63041,8.647,0.0164063,48.75
312,0.646604,19.561,0,48.75
313,4.10052,16.772,0,49.08
314,4.69516,18.529,0.003125,48.72
315,6.94002,9.945,0.0195312,48.75
316,4.08803,8.323,0.003125,48.75
317,3.63506,9.729,0,48.74
318,4.13825,10.346,0,48.74
319,4.2313,12.884,0.0015625,48.75
320,4.60778,7.985,0,48.76
321,2.5993,15.389,0,48.77
322,1.31078,18.103,0,49.47
323,4.62512,15.985,0.926172,48.74
324,4.60455,9.523,0.0242188,48.72
325,1.34225,9.409,0.003125,48.75
326,4.65486,9.590,0,48.77
327,1.34627,7.504,0.661719,48.78
328,5.83447,11.526,4.08828,48.78
329,5.85025,9.509,0,48.79
330,2.41661,18.131,0.000390625,49.20
331,4.6132,14.641,0.003125,48.77
332,3.49632,10.399,0.0449219,48.76
333,2.48339,18.626,0.003125,48.76
334,4.63544,8.141,0,48.72
335,3.58245,11.036,0,48.73
336,2.06103,10.055,0.00078125,48.75
337,1.92128,6.882,0,48.76
338,3.51251,12.286,0,48.77
339,3.62735,19.382,0,49.53
340,3.08544,9.529,0.003125,48.76
341,3.58571,8.358,0.0214844,48.76
342,4.75528,13.655,0.003125,48.67
343,4.74607,9.931,0,48.69
344,3.05217,18.962,0,48.66
345,2.66529,11.316,0.0191406,48.68
346,4.20259,10.321,0,48.72
347,4.70201,18.215,0,49.10
348,1.97418,14.206,0.003125,48.68
349,3.10154,10.626,3.6168,48.71
350,4.63595,15.731,0.003125,48.48
351,5.76415,9.718,0,48.47
352,6.34629,8.528,0,48.50
353,3.09498,10.111,0.0339844,48.46
354,6.35537,8.671,6.21641,48.50
355,3.6277,19.318,0,48.55
356,4.66487,23.220,0,49.41
357,4.18189,15.188,0.003125,48.66
358,3.69902,9.975,0.0203125,48.66
359,5.76508,7.355,0,48.71
360,4.14033,16.119,0.0328125,48.74
361,2.4562,7.297,0,48.73
362,5.78907,9.309,0.0175781,48.72
363,5.16941,9.694,0,48.74
364,2.54551,18.915,0,49.14
365,5.20774,16.809,0.003125,48.74
366,4.60638,8.902,0.0171875,48.73
367,3.08528,11.152,0,48.75
368,4.66894,9.757,0,48.75
369,3.65283,8.400,0,48.75
370,2.59984,14.709,0.0210938,48.74
371,2.08556,14.024,0,48.78
372,4.71018,15.312,0,48.88
373,3.60507,20.727,0,49.54
374,5.19521,9.401,0.003125,48.78
375,1.21888,8.210,0.0144531,48.78
376,3.59986,15.110,1.4957,48.73
377,2.55649,9.579,0,48.74
378,4.67118,13.316,0,48.77
379,5.69846,10.210,0.0316406,48.71
380,3.09173,12.669,9.14922,48.78
381,3.00833,23.219,0.00742188,49.24
382,2.47177,19.004,0.003125,45.97
383,5.36481,12.000,0.0183594,45.75
384,2.59032,51.860,0.00703125,48.33
385,3.04848,58.062,0,47.06
386,0.368281,49.636,0.0574219,48.12
387,2.05478,51.783,0.0175781,49.35
388,3.63587,41.328,0.0109375,50.30
389,1.44006,27.011,0.00195312,48.42
390,2.57713,21.312,0,49.03
391,5.74068,7.987,0.0261719,48.26
392,4.17449,13.706,0,48.29
393,3.03777,7.790,0,48.29
394,1.31322,6.781,0.400391,48.35
395,4.128,14.776,0,48.28
396,4.81663,10.060,0,48.28
397,3.06836,17.581,0,48.37
398,1.42963,21.153,0,49.04
399,3.04723,8.470,0.003125,48.23
400,4.75976,11.793,0.0171875,48.28
401,3.11419,11.874,0.00195312,48.28
402,0.298108,10.018,0,48.25
403,2.66964,15.568,0,48.27
404,3.68114,10.363,0.0296875,48.16
405,3.57759,10.090,0,48.18
406,4.17512,18.692,3.70742,48.73
407,3.6383,17.671,0.003125,48.29
408,3.629,9.342,0.021875,48.19
409,3.08681,12.208,0.00195312,48.20
410,2.934,8.695,0.00351563,48.21
411,3.16106,10.334,0.0257813,48.19
412,2.53306,10.430,0.0171875,48.18
413,3.67862,8.897,0,48.19
414,2.50431,14.358,0.00351563,48.21
415,5.77412,24.801,0,48.96
416,1.314,7.323,0.003125,48.18
417,1.44105,8.626,0,48.19
418,1.45002,14.026,0.00195312,48.15
419,2.62896,8.647,0.00078125,48.15
420,4.69377,17.123,0,48.16
421,3.10522,8.217,0.0203125,48.18
422,3.25143,11.604,0,48.23
423,3.60242,17.920,3.3793,48.79
424,3.48665,12.113,0.034375,48.22
425,4.70844,8.233,0.0140625,48.18
426,2.48525,12.215,0.239453,48.17
427,3.66298,10.349,0.860938,48.16
428,5.77999,9.251,0,48.16
429,4.33519,12.154,0.0261719,48.19
430,3.07037,9.369,0,48.23
431,3.66873,14.347,0,48.47
432,5.32093,19.189,3.08281,48.45
433,3.69995,12.637,0.0207031,48.22
434,4.20374,9.229,0.00234375,48.17
435,3.09496,7.584,0,48.18
436,4.24955,9.614,0.046875,48.20
437,4.81167,15.337,0.0238281,48.20
438,6.85737,9.212,0,48.23
439,3.57171,19.406,0,48.31
440,4.76735,20.147,0.0015625,49.00
441,5.30371,10.060,0.003125,48.20
442,2.00295,8.828,0.0183594,48.20
443,6.84226,8.152,0.00234375,48.20
444,2.98801,9.958,0.00078125,48.20
445,3.5479,21.811,0,47.79
446,4.64642,11.739,0.01875,47.80
447,4.6298,13.407,0,47.83
448,2.53566,25.045,0,48.38
449,4.79074,15.663,3.79453,47.81
450,4.77912,15.136,0.0222656,47.82
451,2.57582,10.761,0.00234375,47.82
452,5.82129,12.807,0,47.82
453,5.23435,9.535,1.36445,47.83
454,4.78262,12.043,0.0324219,47.83
455,4.74391,9.058,0,47.85
456,5.31615,18.525,0,48.25
457,1.02875,15.625,5.28477,47.84
458,4.11162,18.220,0.0191406,47.82
459,2.03326,10.092,0.00234375,47.84
460,3.07652,15.734,0,47.83
461,4.67888,9.515,0.0234375,47.83
462,2.55019,10.690,0.0160156,47.82
463,6.3403,8.241,0,47.81
464,3.61433,15.142,0,47.83
465,1.50968,19.593,0,48.57
466,4.19563,9.805,0.0574219,47.81
467,3.60894,8.913,0.0183594,47.83
468,4.15864,8.000,0.00234375,47.83
469,5.72932,16.666,0,47.76
470,4.70683,18.976,0,47.76
471,5.23782,9.975,0.0207031,47.75
472,2.50892,11.268,0,47.77
473,3.04872,17.451,0,48.08
474,3.25373,17.492,0.331641,47.65
475,4.20366,10.359,0.255078,47.71
476,2.52428,13.500,0.00273438,47.67
477,2.54663,8.940,0,47.50
478,5.28456,9.395,0,47.52
479,4.30444,11.351,1.17734,47.53
480,1.51824,8.873,0,47.56
481,3.14793,18.845,0,47.65
482,4.23706,21.228,0,48.38
483,2.54836,14.760,4.65742,47.64
484,3.71739,10.235,0,47.70
485,5.25272,8.210,0.00273438,47.71
486,3.10239,9.621,0,47.74
487,4.97501,14.108,0,47.71
488,4.76388,9.431,0.0183594,47.70
489,2.63072,11.768,0,47.74
490,3.68108,19.585,0,48.29
491,1.9427,13.773,0.003125,47.82
492,2.55027,10.460,0.0175781,47.74
493,3.63804,11.050,0.00273438,47.75
494,5.74051,9.231,0,47.76
495,3.51151,7.396,0,47.76
496,3.10552,13.616,0.0738281,47.76
497,4.62095,7.762,0,47.76
498,3.64422,15.225,0,47.86
499,3.01106,18.742,0,48.55
500,2.40568,9.275,2.45352,47.78
501,3.58952,9.846,0,47.78
502,5.72401,13.987,0.00273438,47.78
503,2.54888,11.601,0,47.80
504,5.91017,11.636,0,47.81
505,4.71879,9.001,1.93438,47.81
506,1.99927,11.566,0,47.82
507,5.8707,18.495,0,48.37
508,3.68448,18.591,0.003125,47.81
509,2.60811,10.960,4.61719,47.83
510,3.19645,16.113,0.00273438,47.83
511,4.72797,9.212,0,47.84
512,2.47139,7.211,0,47.84
513,4.69168,14.665,0.15625,47.81
514,3.08259,10.564,0,47.81
515,3.04373,16.270,0,48.00
516,4.76761,20.346,0,48.55
517,2.56219,8.988,0.0242188,47.77
518,6.81504,8.630,0.00390625,47.76
519,5.24779,7.725,0,47.79
520,4.70486,7.743,0,47.78
521,3.67186,14.137,0.01875,47.78
522,2.46754,10.737,0.0304688,47.76
523,4.63787,17.310,0,47.80
524,4.72112,19.739,0,48.56
525,3.13423,9.292,0.0347656,47.74
526,2.64584,10.510,3.1168,47.76
527,5.79168,8.113,0.00273438,47.78
528,4.74243,8.785,0,47.79
529,3.61279,7.631,0,47.81
530,4.65163,9.113,0.0230469,47.77
531,4.24301,11.057,0.741797,47.78
532,3.56078,15.852,0,48.19
533,5.25394,24.534,0.003125,47.78
534,2.46885,10.379,0.0273438,47.79
535,1.95017,9.051,4.8957,47.81
536,5.74534,10.593,0,47.82
537,2.51459,8.870,0,47.82
538,2.04457,12.124,0.0238281,47.84
539,2.00669,8.639,0.159375,47.85
540,3.07053,13.873,0,47.77
541,3.46137,19.727,0,48.53
542,4.70893,10.466,0.003125,47.76
543,4.27878,9.197,0.0164063,47.78
544,3.08861,16.523,0.00429688,47.77
545,1.97629,10.105,0,47.78
546,0.925832,14.084,0,47.79
547,4.7309,10.523,0.0222656,47.81
548,5.2355,11.904,0.0046875,47.82
549,4.05729,18.331,0,48.33
550,3.52994,11.707,0.0839844,47.80
551,4.18435,7.706,0.0121094,47.81
552,4.17375,9.544,2.99219,47.84
553,2.21897,7.575,0,47.83
554,4.69264,10.625,0,47.83
555,6.3542,18.070,0.021875,47.81
556,3.65326,8.942,1.8,47.82
557,5.11327,15.475,0,47.99
558,3.74315,19.548,0,48.65
559,3.29315,13.035,0.0304688,47.86
560,4.20823,10.109,0.003125,47.87
561,3.04886,8.687,4.52617,47.87
562,6.33376,8.026,0.0207031,47.88
563,4.19929,7.678,0,47.88
564,3.68915,8.338,0.0148438,47.80
565,6.26191,16.384,0.0382813,47.82
566,4.75702,18.960,0,48.58
567,5.856,11.044,0.003125,47.82
568,3.65223,7.973,0.0171875,47.82
569,4.20507,8.423,0.00546875,47.82
570,3.07452,9.123,0,47.79
571,3.1446,12.711,0,47.83
572,4.73152,9.497,0.0179688,47.83
573,5.82788,10.692,0,47.87
574,3.08344,22.730,0.00664063,48.08
575,4.62071,14.503,0.0308594,47.74
576,6.92599,14.734,0.0136719,47.76
577,3.29359,7.867,0.003125,47.77
578,4.25817,12.175,3.21563,47.78
579,5.79193,9.867,0,47.78
580,3.08244,9.052,0.0214844,47.77
581,2.00926,10.296,0,47.76
582,4.57803,13.610,2.88359,47.79
583,3.65556,20.503,0,48.26
584,4.75852,12.290,0.003125,47.55
585,4.09607,10.975,0,47.58
586,3.05425,13.208,0.003125,47.61
587,5.82717,14.778,1.55156,47.65
588,4.63559,13.345,0,47.64
589,5.77889,10.280,0.0207031,47.64
590,3.50194,11.739,0,47.65
591,2.61085,20.000,0.0917969,48.22
592,3.56211,11.393,0.003125,47.63
593,5.16836,8.343,0.0179688,47.61
594,1.40468,7.687,0.003125,47.62
595,2.91992,7.478,0.0015625,47.65
596,4.0972,21.794,0,47.76
597,3.58093,11.240,0.0191406,47.63
598,3.67723,10.891,0,47.76
599,4.20007,16.645,0.0015625,48.03
600,5.78548,16.707,0.003125,47.65
601,4.14759,7.489,0.0167969,47.68
602,2.51149,12.909,0.003125,47.63
603,4.14437,9.052,0,47.65
604,2.40621,6.797,2.65859,47.67
605,5.72322,10.095,0.0230469,47.70
606,3.6303,9.090,0,47.73
607,3.90572,24.877,0,47.86
608,3.65032,22.671,2.2875,48.55
609,4.18405,22.276,0.003125,47.38
610,3.45967,20.272,0,47.31
611,3.60897,16.448,0,46.79
612,4.47664,10.163,4.8582,46.80
613,4.78405,11.846,0.071875,46.84
614,4.96651,13.088,0.0152344,46.62
615,4.19918,11.891,0,46.58
616,3.11411,18.872,0.00234375,47.10
617,3.52469,14.623,0.003125,46.75
618,1.4736,10.361,0.01875,46.68
619,3.1656,10.500,0,46.71
620,2.45036,9.167,0,46.73
621,3.14898,10.434,0.178906,46.93
622,3.02935,12.071,0.0183594,46.82
623,1.99204,8.906,0,46.86
624,3.53938,16.024,0,47.01
625,2.00249,20.304,0.0332031,47.65
626,4.09507,12.016,0.0171875,46.88
627,5.17569,8.439,0.00195312,46.86
628,5.22259,14.935,0,46.89
629,3.09026,9.376,2.80039,46.90
630,3.71267,11.950,0,46.88
631,3.62599,8.895,0.0199219,46.88
632,4.78253,13.667,0,46.88
633,5.25764,19.311,0,47.40
634,3.03182,15.600,1.79727,46.86
635,3.66738,9.538,0.0296875,46.88
636,4.75427,10.969,0.00195312,46.90
637,4.15996,12.415,0,46.91
638,5.28015,9.963,0.0851563,46.94
639,4.19936,13.048,0.0253906,46.91
640,3.94403,11.009,0,46.91
641,3.67206,18.637,0,47.30
642,1.51294,19.491,5.15781,46.86
643,3.12065,7.429,0.0191406,46.86
644,2.56517,9.463,0.00195312,46.87
645,4.17094,9.255,0.203516,46.86
646,3.05534,7.808,0,46.86
647,2.46026,13.720,0.0261719,46.86
648,3.57333,13.345,0,46.88
649,5.032,17.297,0,46.92
650,1.40655,20.926,0,47.69
651,4.18053,10.606,0.00507813,46.92
652,2.97597,8.160,0,46.90
653,5.25615,15.929,0.00195312,46.92
654,5.19728,7.720,0,46.92
655,4.13714,10.012,2.92383,46.90
656,3.65654,7.543,0.021875,46.91
657,3.17422,11.633,0,46.91
658,2.57207,18.209,0,47.48
659,3.99768,21.612,2.03633,46.94
660,3.67756,14.736,0.0261719,46.94
661,5.21939,10.133,0.00195312,46.95
662,4.60201,7.905,0.0167969,46.96
663,4.15734,7.494,0,46.96
664,4.66749,9.446,0.0171875,46.95
665,4.83403,11.725,0,46.95
666,3.16614,18.719,0,47.45
667,4.19707,13.345,0.003125,46.94
668,4.13523,7.509,4.86523,46.93
669,4.70367,8.191,0.00195312,46.93
670,5.29476,16.736,0,46.93
671,5.35331,10.513,0,46.95
672,2.01369,14.555,0.115234,46.96
673,2.57344,9.909,0,46.95
674,5.8872,15.394,0,47.05
675,4.81464,21.462,0,47.72
676,2.5945,9.589,0.00390625,46.94
677,5.84887,9.118,0,46.94
678,4.22462,13.562,0.0320313,46.70
679,4.74969,8.485,0,46.71
680,5.79225,13.826,0,46.72
681,3.63252,9.601,2.93555,46.74
682,3.6408,15.202,0,46.79
683,4.55668,16.532,0,47.33
684,1.87586,16.240,0.003125,46.83
685,3.02259,8.125,2.31211,46.83
686,3.5913,11.310,0.00234375,46.79
687,3.63471,9.864,0,46.84
688,1.40634,7.973,0,46.86
689,3.56214,13.048,0.03125,46.88
690,2.01024,8.221,0,46.88
691,3.59148,19.268,0,46.99
692,2.56621,20.244,0,47.65
693,3.60833,8.626,0.003125,46.89
694,4.64958,10.262,4.7543,46.83
695,3.67197,8.945,0.00234375,46.84
696,5.41864,11.414,0,46.83
697,2.62033,12.974,0,46.86
698,5.24454,8.869,0.237109,46.87
699,4.74083,13.366,0,46.88
700,1.3819,17.375,0,47.48
701,5.69814,16.484,0.003125,46.90
702,1.34637,11.879,0.01875,46.90
703,4.17485,11.977,0.00234375,46.92
704,5.77648,14.628,0,46.93
705,5.70446,8.850,0,46.93
706,2.45688,10.286,0.0191406,46.93
707,5.24854,10.438,3.03125,46.91
708,3.59279,13.894,0,46.95
709,4.3243,20.085,0,47.67
710,4.14035,12.407,0.003125,46.89
711,5.78842,13.998,1.91953,46.91
712,3.66372,12.839,0.00234375,46.90
713,4.20173,10.148,0.0316406,46.92
714,3.67238,11.407,0,46.92
715,6.31856,8.891,0.015625,46.98
716,2.65288,12.809,0,47.00
717,4.68046,18.574,0,47.44
718,3.05015,13.790,0.003125,46.93
719,4.1374,9.211,0.0214844,46.89
720,5.92222,10.167,5.12383,46.91
721,1.37513,7.701,0,46.91
722,3.74165,18.098,0,46.95
723,5.27778,13.226,0.0214844,46.96
724,4.10776,10.061,0.0921875,46.93
725,3.60297,16.929,0,47.21
726,4.64258,20.232,0.0289063,47.72
727,2.94491,7.682,0.0167969,46.95
728,2.08285,10.307,0.0320313,46.92
729,4.69062,9.509,0,46.93
730,6.83678,8.404,0,46.92
731,4.76047,9.738,0,46.89
732,0.804866,7.172,0,46.91
733,4.68333,22.417,3.42852,46.97
734,4.75616,19.975,0,47.71
735,3.16424,15.125,0.003125,46.96
736,3.71652,9.471,0.0199219,47.00
737,2.50795,9.278,1.78242,46.99
738,2.65078,10.622,0,46.99
739,4.15889,8.656,0,46.99
740,5.77991,8.328,0.0285156,46.98
741,3.57657,9.661,0.00078125,46.99
742,4.72032,18.278,0,47.41
743,1.51117,17.796,0.003125,46.95
744,1.44901,10.513,0.0179688,46.95
745,5.81972,14.839,0.00273438,46.97
746,4.82712,10.436,1.93398,46.99
747,3.7122,8.650,0,47.01
748,1.40201,12.950,0.0199219,46.97
749,3.19965,9.295,0,46.97
750,4.25631,15.766,0.140234,47.21
751,4.72625,20.410,0,47.76
752,5.21861,7.803,0.0226563,46.99
753,3.53757,7.719,0.00273438,46.99
754,3.54283,16.085,0.0511719,46.96
755,2.58812,16.485,0,46.96
756,3.65806,11.070,0,46.99
757,2.01641,8.620,0,46.98
758,5.33041,17.009,2.69023,47.00
759,1.47326,18.910,0,47.76
760,3.07419,12.803,0.003125,46.99
761,3.7819,10.761,0.0179688,46.96
762,3.065,8.189,1.62813,46.97
763,5.3131,9.567,0.028125,46.95
764,2.43771,13.989,0,46.87
765,5.83592,9.488,0.0152344,46.79
766,3.59462,12.091,0,46.81
767,4.7655,19.305,0.003125,47.34
768,4.72845,15.157,0.003125,46.85
769,1.35851,8.429,0.0175781,46.83
770,2.52599,7.937,0.00273438,46.84
771,1.9865,8.782,4.14414,46.85
772,3.69889,9.698,0,46.88
773,3.07331,13.059,0.021875,46.91
774,2.48622,11.035,0,46.97
775,4.74299,28.132,0.105469,47.20
776,1.39843,18.899,0.028125,47.72
777,3.44112,9.753,0.0144531,46.94
778,0.276528,8.267,0,46.94
779,3.70217,9.074,0,46.95
780,5.85877,9.813,0.0269531,46.92
781,6.38888,10.902,0,46.90
782,3.59205,8.669,0,46.92
783,5.1783,13.430,0.162891,46.94
784,3.66937,21.268,3.18047,47.65
785,3.6122,19.015,0.0191406,46.92
786,4.08363,8.601,0.0136719,46.93
787,3.68808,11.643,0.00273438,46.91
788,6.79727,10.117,1.39688,46.95
789,3.67754,8.706,0,46.96
790,3.68082,9.864,0.0289063,46.92
791,2.48063,10.933,0,46.97
792,5.80663,20.440,0.00234375,47.47
793,4.75955,16.004,0.003125,46.93
794,3.57709,8.985,0.0191406,46.94
795,3.59539,18.171,0.00273438,46.69
796,3.67317,9.625,0,46.72
797,0.217378,10.494,2.42852,46.85
798,3.70378,10.414,0.0207031,46.81
799,4.70362,8.892,0,46.84
800,1.53455,19.190,0,47.26
801,1.44293,12.828,0.110938,46.86
802,3.6083,10.457,0.0164063,46.88
803,3.63864,8.573,0.003125,46.89
804,3.65765,10.115,0,46.90
805,3.11719,13.349,0.0261719,46.93
806,5.30572,15.595,0,46.91
807,3.71162,9.599,0,46.94
808,2.56378,13.788,0,46.96
809,2.53076,17.933,2.2043,47.72
810,2.08175,13.358,0.003125,46.98
811,2.40423,6.695,0.0214844,46.96
812,3.18061,10.372,0.003125,46.97
813,2.44676,6.223,0.0183594,46.98
814,4.14046,6.915,1.99648,46.99
815,4.70758,8.987,0.0246094,46.96
816,1.41287,13.227,0,46.99
817,3.70669,22.017,0,47.49
818,3.53013,12.325,0.00546875,46.99
819,5.24186,7.107,0.0246094,46.99
820,4.64181,7.015,0.003125,46.98
821,3.1185,9.384,0,46.98
822,3.78758,10.102,1.87148,46.99
823,3.61911,13.730,0.0203125,46.96
824,5.15796,7.330,0,46.98
825,3.59581,14.392,0,47.02
826,3.58638,21.450,0,47.77
827,2.55777,17.833,0.189063,46.99
828,3.1547,10.178,0.015625,46.99
829,3.63364,11.043,2.27695,46.99
830,5.80891,9.306,0,47.02
831,5.80954,10.042,0.0304688,47.02
832,3.01036,9.151,0.0171875,47.03
833,3.65259,11.923,0.421094,47.04
834,4.78935,20.759,0,47.54
835,4.82481,16.344,0.00507813,47.02
836,3.5344,7.151,0.0160156,47.03
837,1.52529,10.451,0.003125,46.99
838,4.82097,15.107,0,47.01
839,3.61182,8.173,0,47.04
840,1.65952,9.361,1.59375,47.06
841,4.78255,8.038,0,47.07
842,2.59006,14.285,0,47.17
843,5.31722,19.156,0,47.84
844,3.12917,8.803,0.05,47.06
845,5.35485,9.163,0,47.04
846,1.46572,10.675,0,47.05
847,2.64253,7.878,0,46.86
848,5.13652,16.635,4.44805,46.89
849,4.79885,10.809,0.0246094,46.89
850,3.70814,12.341,0,46.95
851,3.53521,17.156,0,47.49
852,2.58858,11.349,0.003125,46.94
853,3.67693,8.091,0.0890625,46.97
854,2.66754,16.676,0.003125,46.77
855,1.65274,8.088,0,46.79
856,3.59751,8.984,0,46.74
857,1.46927,10.747,3.36484,46.70
858,5.32279,10.555,0,46.83
859,4.22557,16.411,0,46.99
860,3.56759,21.321,0,47.68
861,3.00942,10.947,0.0578125,46.99
862,4.16632,10.872,0,47.02
863,4.16506,9.732,0,47.05
864,1.92856,12.014,0.0226563,47.04
865,2.55587,12.685,0,47.05
866,6.90928,10.650,1.56641,47.00
867,3.67471,11.104,0,47.02
868,1.93567,17.092,0,47.44
869,5.32427,18.761,0.003125,46.98
870,4.73566,9.631,0.0574219,46.98
871,4.23204,15.550,0,46.75
872,3.67179,9.418,0,46.77
873,4.18662,7.623,0,46.80
874,3.00976,12.967,0.0183594,46.84
875,4.1944,10.302,4.44727,46.86
876,6.32504,14.376,0,47.01
877,2.57552,20.744,0,47.70
878,4.07864,7.478,0.03125,46.96
879,5.20231,9.987,0.155859,46.97
880,3.62777,14.450,0.00195312,47.01
881,5.82683,9.028,0,47.07
882,4.15568,13.860,0,47.09
883,3.11567,10.939,3.39375,47.09
884,3.68059,11.369,0,47.05
885,3.19518,19.343,0,47.57
886,2.5832,18.154,0.003125,47.06
887,2.62187,10.115,0.01875,47.08
888,6.90484,10.758,0.00195312,47.10
889,4.69191,9.308,0,47.10
890,3.71712,14.738,0,46.88
891,5.24375,14.902,0.0214844,46.90
892,4.75382,11.463,1.92734,46.90
893,5.18675,16.749,0,47.13
894,1.46382,20.024,0,47.70
895,4.89871,8.862,0.0308594,46.94
896,3.65817,9.196,0.00195312,46.96
897,3.63084,8.682,0,46.98
898,2.48412,7.973,0.288672,47.01
899,2.58956,15.018,0,47.05
900,2.96218,6.952,2.74844,47.07
901,0.906554,18.937,0,47.08
902,3.66435,22.607,0,47.82
903,2.55114,9.283,0.003125,47.09
904,2.55655,8.623,0.0222656,47.09
905,1.98811,12.500,0.0519531,47.09
906,4.76154,10.133,0.600781,47.09
907,3.70641,10.905,0,47.11
908,6.30032,11.131,0.015625,47.09
909,5.18643,11.946,2.40859,47.08
910,1.99061,17.800,0,47.58
911,4.6485,26.739,0.003125,47.09
912,4.70115,9.488,0.0207031,47.10
913,4.79871,12.086,0.00273438,47.08
914,4.72478,8.637,0,47.10
915,4.69,8.773,0,47.10
916,4.76085,10.971,0.0183594,47.10
917,3.66706,9.594,2.67031,47.09
918,3.30263,18.058,0,47.53
919,3.99819,15.677,0.003125,47.09
920,4.66762,9.231,0.028125,47.09
921,4.23515,11.138,0.00195312,47.09
922,2.01111,16.204,0,47.11
923,3.14106,10.098,0,47.13
924,2.55749,14.555,0.0234375,47.10
925,0.852192,7.617,0,47.11
926,2.53228,13.544,0.00195312,47.25
927,4.22322,22.569,0,47.74
928,3.03,31.834,0.003125,46.42
929,4.86808,37.996,0,46.02
930,4.83038,33.012,0.113672,45.97
931,1.39467,9.494,0.0425781,45.68
932,4.29023,14.858,0,45.68
933,3.71445,10.767,0.0144531,45.70
934,4.79721,15.870,0,45.72
935,4.71313,21.052,4.66445,46.22
936,5.25884,15.776,0.003125,45.75
937,3.12798,8.620,0.0207031,45.75
938,3.65382,9.792,0.00234375,45.77
939,4.70372,8.399,0.00195312,45.77
940,3.64101,9.282,0,45.76
941,3.08231,11.300,0.0195312,45.75
942,3.63651,11.663,0,45.75
943,4.22859,19.573,0,45.84
944,5.14979,20.048,0,46.53
945,2.3332,11.906,0.003125,45.70
946,5.32691,8.782,0,45.70
947,2.556,9.596,0.00234375,45.72
948,3.17963,9.079,0.00195312,45.72
949,3.62594,12.985,0,45.70
950,2.61339,8.758,0.0195312,45.71
951,5.41229,13.929,0,45.75
952,2.60277,19.827,0.025,46.24
953,2.5553,16.310,0.003125,45.76
954,4.14238,9.558,0.0191406,45.73
955,2.00575,14.024,0.00234375,45.73
956,3.60607,12.651,0.0242188,45.74
957,2.48589,6.480,0,45.74
958,2.94158,11.353,0.0210938,45.72
959,3.16475,9.063,0,45.77
960,5.20542,15.636,0,46.03
961,2.58717,19.721,5.51992,45.68
962,4.12477,11.206,0.0210938,45.68
963,1.94975,7.971,1.95781,45.71
964,2.64231,14.702,0,45.73
965,5.83539,8.832,0.0207031,45.73
966,2.02285,10.676,0.0175781,45.73
967,2.51514,8.384,0,45.72
968,4.71729,13.279,0,45.74
969,3.62926,18.974,0.153125,46.42
970,5.82655,8.459,0.003125,45.66
971,4.69208,7.929,0.137109,45.69
972,5.18134,7.631,0.00273438,45.69
973,4.10538,9.303,0.0015625,45.69
974,4.77762,16.737,0,45.69
975,2.5916,11.445,0.0191406,45.70
976,4.747,12.849,0,45.72
977,3.61704,23.363,0,46.23
978,3.61164,14.013,0.0613281,45.72
979,3.01057,9.420,0.0136719,45.72
980,4.11216,9.987,0.00234375,45.73
981,3.78293,8.514,0,45.69
982,5.27212,9.683,3.77344,45.70
983,5.29547,11.818,0.0339844,45.73
984,4.74164,13.397,0,45.74
985,1.33004,16.509,0,46.00
986,5.51649,20.962,6.08047,45.75
987,3.50508,11.677,0.0210938,45.75
988,2.97157,15.024,0.00273438,45.78
989,3.59094,7.521,0,45.77
990,5.13807,8.581,0,45.77
991,4.85662,10.503,0.01875,45.78
992,5.28234,9.523,0,45.77
993,4.72735,14.110,0,45.79
994,2.44997,21.202,0,46.54
995,2.60118,16.257,0.003125,45.77
996,3.58949,9.552,0.0164063,45.77
997,3.54151,8.938,0.00273438,45.72
998,4.08089,8.524,0,45.68
999,3.03946,12.241,0,45.71
1000,1.87192,8.136,0.0175781,45.72
1001,2.59301,12.607,0,45.75
1002,3.07908,19.675,0,46.32
1003,4.64691,12.552,0.003125,45.72
1004,0.332171,10.024,0.0167969,45.68
1005,4.72195,10.941,0.00273438,45.75
1006,3.55374,12.265,0,45.76
1007,4.69293,11.015,0,45.78
1008,2.59067,11.426,0.430469,45.77
1009,4.71696,9.068,0,45.80
1010,6.87574,16.415,0,46.04
1011,2.59196,22.046,0,46.61
1012,2.06815,15.655,8.77813,45.77
1013,2.96472,9.426,0.00273438,45.79
1014,3.71061,8.682,0,45.80
1015,3.12392,8.261,0.0164063,45.80
1016,3.63036,15.259,0,45.74
1017,5.2227,9.263,0.0015625,45.75
1018,1.32068,13.641,0,45.77
1019,5.87219,20.085,0,46.38
1020,3.62514,9.711,0.003125,45.80
1021,1.89537,9.893,0.0175781,45.78
1022,3.03187,13.075,0.00273438,45.76
1023,2.50842,9.118,0,45.75
1024,3.60939,11.517,0,45.76
1025,2.58816,9.762,0.0191406,45.77
1026,3.09252,10.211,0.198828,45.80
1027,4.74922,22.013,0,46.11
1028,3.68427,17.741,0.0363281,45.79
1029,2.58833,14.285,0.0132813,45.65
1030,3.69829,9.107,0.00273438,45.51
1031,3.62313,9.626,0,45.50
1032,1.53802,7.332,0,45.50
1033,4.74362,9.529,0,45.52
1034,3.1805,8.834,0.161328,45.53
1035,3.67969,13.308,0,45.60
1036,4.09351,17.277,0,46.26
1037,1.93346,21.264,0.003125,45.68
1038,2.49505,8.436,4.65469,45.72
1039,4.68707,9.203,0.00273438,45.74
1040,3.14328,8.725,0,45.73
1041,5.30066,12.775,0,45.74
1042,4.75129,10.261,0.0226563,45.68
1043,5.20328,8.241,0.00703125,45.73
1044,3.61054,17.380,0,45.98
1045,5.87332,21.288,0,46.51
1046,4.79803,10.394,0.0222656,45.72
1047,2.53576,7.659,0.0015625,45.73
1048,3.15227,13.080,0,45.75
1049,3.15694,10.565,0,45.74
1050,5.2182,13.288,0,45.80
1051,3.14139,9.894,0.0222656,45.78
1052,2.53407,9.763,0,45.80
1053,4.16562,21.052,0,46.31
1054,1.4151,13.063,0.003125,45.78
1055,3.63401,8.048,0.0167969,45.79
1056,3.65906,9.753,0.003125,45.78
1057,4.70296,9.500,0,45.81
1058,4.7349,15.248,0,45.80
1059,4.18185,10.519,0.110156,45.80
1060,3.22423,10.901,0.15625,45.80
1061,4.24943,16.561,0.0902344,46.05
1062,3.54909,18.947,0,46.55
1063,4.13729,11.827,0.0175781,45.82
1064,4.64919,13.048,0.003125,45.82
1065,3.63705,10.211,9.60898,45.83
1066,4.73509,7.785,0.025,45.82
1067,3.67719,8.602,0,45.79
1068,3.10683,8.176,0,45.80
1069,3.67326,17.054,0.0292969,45.80
1070,5.26868,19.372,0,46.53
1071,3.19671,10.552,0.003125,45.78
1072,3.49626,11.225,0.0175781,45.71
1073,4.72381,8.208,0.00703125,45.74
1074,3.19288,8.984,0,45.73
1075,3.67572,19.468,0,45.75
1076,5.74808,10.216,0.0203125,45.76
1077,2.53758,10.940,0,45.76
1078,3.22199,18.266,0.0015625,46.17
1079,3.16174,17.053,0.0296875,45.77
1080,6.91245,11.241,0.0136719,45.77
1081,4.79728,10.596,0.003125,45.78
1082,5.14977,7.155,0.00117188,45.77
1083,2.02874,9.673,0,45.79
1084,5.21483,8.950,0.021875,45.77
1085,5.79298,8.094,0,45.79
1086,4.6331,15.517,0.728906,45.91
1087,4.20446,27.223,0.021875,46.32
1088,4.21465,22.296,0.0179688,45.25
1089,1.43909,11.384,0,45.26
1090,4.19616,16.103,0.003125,45.24
1091,2.53865,9.312,9.54727,45.27
1092,1.46699,11.220,0,45.28
1093,2.94881,11.658,0.0222656,45.28
1094,3.5393,11.235,0,45.31
1095,2.57066,18.750,0.133203,45.82
1096,3.21692,13.245,0.003125,45.29
1097,4.75047,10.735,0.0191406,45.29
1098,5.69108,10.242,0.003125,45.30
1099,3.23662,9.820,0.0257813,45.27
1100,3.66833,16.269,0,45.29
1101,3.58543,9.220,0.01875,45.27
1102,2.54505,10.469,0,45.28
1103,5.84688,16.499,0,45.58
1104,3.70239,18.020,0.00507813,45.26
1105,2.54168,12.029,0.01875,45.29
1106,3.65384,11.667,0.003125,45.30
1107,4.78212,10.397,0,45.29
1108,3.72311,12.826,0.0015625,45.25
1109,5.69813,7.484,0.0179688,45.27
1110,1.31312,9.371,0,45.25
1111,4.62908,18.625,0,45.28
1112,3.63671,20.664,0.151563,46.05
1113,4.10784,16.842,0.003125,45.32
1114,0.872776,14.695,0.0273438,45.33
1115,5.18866,6.925,0,45.34
1116,4.3083,10.182,0.0195312,45.34
1117,3.52018,10.275,8.77773,45.35
1118,4.57718,9.729,0.0210938,45.31
1119,4.7099,11.503,0,45.32
1120,4.6742,19.424,0,45.84
1121,3.69162,21.150,0.263281,45.31
1122,2.51425,10.416,0.0179688,45.32
1123,1.51598,9.489,0,45.33
1124,5.78701,9.242,0,45.24
1125,5.16951,9.509,0.00078125,45.27
1126,2.33654,17.192,0.0183594,45.27
1127,1.89597,8.722,0.157422,45.29
1128,4.61409,14.456,0,45.46
1129,2.49755,17.693,0,46.05
1130,4.71855,9.839,0.0542969,45.22
1131,4.16814,9.646,0,45.29
1132,3.61834,13.366,0,45.30
1133,2.07004,10.412,0,45.32
1134,1.92687,9.157,0.00078125,45.33
1135,5.2968,8.645,0,45.32
1136,3.75512,13.321,0,45.36
1137,4.78003,23.856,0,46.04
1138,0.809765,21.536,3.86836,45.04
1139,3.15802,10.609,0.0320313,45.05
1140,5.86971,9.872,0.00195312,45.07
1141,5.74579,11.158,0,45.08
1142,3.58163,12.820,0.2,45.08
1143,3.59673,12.143,1.77656,45.08
1144,3.08653,12.790,0,45.10
1145,6.32648,18.557,0,45.58
1146,2.55009,13.446,0.003125,45.06
1147,2.6132,10.261,0.0175781,45.07
1148,5.79162,12.717,0.00195312,45.08
1149,4.15831,8.438,0,45.07
1150,0.246215,8.287,0,45.19
1151,6.84741,11.202,0.0183594,45.06
1152,5.25109,10.961,0,45.08
1153,2.47674,20.235,0,45.31
1154,3.56373,20.281,0,45.86
1155,4.62537,8.433,0.0214844,45.09
1156,3.1124,9.068,0.00195312,45.10
1157,4.16883,12.773,0,45.09
1158,0.896641,12.395,0,45.09
1159,3.70967,9.902,0.0207031,45.08
1160,4.25787,7.894,0,45.09
1161,3.67571,13.374,0,45.09
1162,5.80151,19.382,0,45.87
1163,1.70206,18.120,0.003125,45.11
1164,6.3402,11.894,0.441797,45.10
1165,3.48351,7.477,0.00195312,45.10
1166,4.39252,11.170,0.0328125,45.09
1167,2.51882,7.577,0,45.08
1168,5.8182,14.250,9.675,45.09
1169,4.68261,9.338,0,45.10
1170,4.22058,23.609,0,45.65
1171,2.65319,12.043,0.003125,45.06
1172,4.70276,9.733,0.110156,45.06
1173,3.60233,14.365,0.00351563,45.08
1174,3.06523,9.135,0,45.11
1175,4.71917,12.202,0,45.16
1176,2.5364,11.851,0.0195312,45.07
1177,5.16863,11.219,0,45.11
1178,2.51542,16.300,0,45.34
1179,1.4478,19.444,0.0257813,45.84
1180,4.67819,9.308,0.0179688,45.06
1181,5.20307,13.819,0.00273438,45.01
1182,4.67581,10.077,0,45.04
1183,2.8749,7.362,0.0328125,45.06
1184,6.33749,14.303,0.00976562,45.10
1185,4.73211,8.859,0,45.12
1186,3.82465,13.024,0.480469,45.15
1187,3.58788,18.398,0.0117188,45.83
1188,2.02361,15.825,0.003125,45.12
1189,3.1061,9.772,0.0144531,45.08
1190,3.0633,8.004,0.194922,45.11
1191,3.6027,11.144,0,45.11
1192,4.19352,10.353,0,45.12
1193,3.65482,10.969,0.03125,45.11
1194,4.16386,17.348,9.74922,45.12
1195,5.2415,19.738,0,45.53
1196,2.58265,17.146,0.003125,45.12
1197,6.34931,9.317,0.0195312,45.13
1198,4.74733,11.248,0.00234375,45.11
1199,4.75087,8.641,0.0214844,45.03
1200,5.3011,9.646,0,45.04
1201,0.925382,13.840,0.0207031,45.10
1202,4.25381,10.412,0,45.10
1203,4.68257,14.195,0.00078125,45.13
1204,2.41744,23.011,0,45.93
1205,4.7207,14.885,0.003125,45.14
1206,4.65671,11.131,0.0191406,45.15
1207,2.02098,9.556,0.00390625,45.17
1208,4.68024,12.952,0,45.17
1209,5.83568,10.195,0,45.17
1210,5.82709,11.449,0.021875,45.09
1211,3.55278,8.328,0,45.09
1212,3.59554,18.637,0,45.32
1213,3.01596,17.500,0,45.91
1214,4.21516,15.910,0.0214844,45.11
1215,2.51449,13.177,0.00234375,45.12
1216,2.52852,15.332,3.99648,45.15
1217,2.56039,9.330,0.0390625,45.16
1218,1.51488,11.990,0,45.19
1219,2.54153,9.919,0.0175781,45.18
1220,3.63865,11.691,0,45.16
1221,1.45419,19.549,5.97773,45.69
1222,4.27483,13.159,0.003125,45.15
1223,3.5561,8.659,0.0199219,45.11
1224,2.03475,10.158,0.00234375,45.12
1225,2.99644,7.775,0,45.10
1226,1.85791,17.960,0,45.12
1227,4.6865,9.781,0.0199219,45.13
1228,3.69115,10.465,0,45.07
1229,4.69133,16.677,0,45.46
1230,4.68911,17.822,0.0332031,45.11
1231,3.6639,8.952,0.0152344,45.10
1232,5.24229,10.284,0.00234375,45.13
1233,5.847,9.751,0.242969,45.13
1234,5.14215,8.888,0,45.17
1235,3.23002,9.799,0.015625,45.15
1236,5.33108,14.942,0,45.16
1237,2.98834,17.087,0,45.24
1238,3.09483,21.419,0.015625,45.92
1239,4.09124,11.311,0.0183594,45.13
1240,3.99431,10.423,0,45.15
1241,1.3958,8.882,0,45.16
1242,2.59855,8.014,0.252344,45.16
1243,2.49845,7.142,0,45.21
1244,3.13428,9.567,0.0285156,45.17
1245,3.69455,12.104,0,45.18
1246,2.4559,19.309,6.87813,45.71
1247,4.79346,22.276,0.003125,45.14
1248,2.57436,8.573,0.0226563,45.15
1249,4.71908,10.315,0.00273438,45.08
1250,3.55114,7.678,0,45.13
1251,2.62269,10.376,0.00234375,45.17
1252,3.60736,8.881,0.0257813,45.16
1253,4.67908,10.346,0,45.19
1254,5.77017,15.681,0,45.47
1255,0.872487,16.898,0.00078125,45.95
1256,4.70542,8.441,0.0179688,45.01
1257,4.71786,9.200,0.00273438,44.98
1258,2.54193,13.373,0,44.99
1259,4.19716,14.338,0,45.02
1260,2.05444,11.172,0,45.06
1261,4.85009,9.854,0,45.06
1262,2.53398,10.327,0,45.09
1263,3.62432,19.451,0,45.84
1264,4.20853,13.279,0.00390625,45.13
1265,2.56861,9.754,0.0175781,45.16
1266,4.73029,16.309,0.00273438,45.16
1267,4.72904,10.555,0.0222656,45.13
1268,3.62642,10.940,0.317188,45.12
1269,3.68784,10.516,0.0269531,45.12
1270,3.04402,10.802,0,45.14
1271,5.31819,19.550,0,45.57
1272,2.62113,15.294,0.00976562,45.16
1273,4.78535,11.185,5.66367,45.17
1274,5.80848,9.772,0.00273438,45.14
1275,2.51579,9.631,0,45.15
1276,3.62075,8.080,0,45.16
1277,1.80242,16.229,0.021875,45.16
1278,3.519,7.867,0,45.14
1279,5.82068,20.400,0,45.28
1280,4.70568,21.091,0,45.91
1281,1.52067,9.591,0.0328125,45.05
1282,2.57581,7.803,0.0152344,45.10
1283,5.8693,10.586,0.00273438,45.10
1284,4.21996,8.604,0,45.13
1285,4.67509,9.371,0,45.15
1286,3.20708,8.562,0.01875,45.15
1287,5.28531,12.879,0,45.16
1288,4.70729,18.091,0,45.65
1289,5.80141,27.685,0.003125,45.14
1290,4.18729,9.987,0.0210938,45.15
1291,3.57263,8.612,0.00273438,45.17
1292,3.69663,9.485,0,45.14
1293,2.1009,9.969,0.247266,45.14
1294,3.70174,10.886,0.173047,45.14
1295,3.62201,6.764,0,45.14
1296,3.72652,15.551,0,45.28
1297,4.66469,20.634,0,45.91
1298,2.62209,10.336,0.0414063,45.12
1299,1.95797,10.368,9.70195,45.10
1300,4.7243,18.558,0,45.08
1301,5.79817,10.110,0,45.12
1302,4.33279,14.666,0,45.17
1303,2.53701,11.538,0.0253906,45.15
1304,4.70218,9.675,0,45.16
1305,2.51488,20.582,0,45.72
1306,3.07244,11.786,0.003125,45.15
1307,4.21681,9.757,0.0199219,45.13
1308,4.7035,8.986,0.003125,45.15
1309,1.39579,6.937,0,45.14
1310,6.85109,23.205,0,45.14
1311,3.64925,11.001,0.0242188,45.15
1312,4.68862,10.072,0.0015625,45.18
1313,3.04259,17.098,0,45.37
1314,1.86011,15.265,0.003125,45.14
1315,5.74571,12.889,0.0171875,45.15
1316,3.58735,9.277,0.0046875,45.13
1317,2.51867,10.817,0,45.16
1318,4.65044,8.753,0.0234375,45.15
1319,4.22165,11.090,0.0160156,45.14
1320,4.73084,10.399,3.90742,45.16
1321,4.73609,20.422,0,45.18
1322,3.71244,23.712,0,45.95
1323,3.74041,10.914,0.003125,45.18
1324,2.56814,8.932,0,45.17
1325,6.80261,8.474,1.88359,45.17
1326,4.13801,8.495,0,45.19
1327,1.32183,12.800,0.264063,45.16
1328,2.0393,10.097,0.0160156,45.19
1329,3.64087,13.980,0,45.21
1330,3.0871,19.167,0,45.74
1331,1.83066,14.585,0.0355469,45.13
1332,3.51638,9.046,0.0140625,45.15
1333,2.4473,13.902,0.003125,45.16
1334,1.49394,11.451,0,45.17
1335,4.19332,8.706,0,45.19
1336,4.7932,10.994,0.0199219,45.20
1337,2.55541,7.692,0,45.21
1338,2.59883,15.529,0.829688,45.32
1339,5.75765,19.604,0,45.98
1340,5.2168,13.357,0.0175781,45.19
1341,3.62502,10.421,0,45.23
1342,4.627,15.153,0,45.23
1343,2.02776,9.671,0,45.24
1344,5.75858,8.724,0,45.28
1345,5.31128,7.958,0.0222656,45.24
1346,3.70558,13.597,2.0957,45.23
1347,3.64334,17.962,0,45.92
1348,4.16652,13.822,0.003125,45.08
1349,3.69257,9.587,0.0296875,45.06
1350,4.19488,9.603,3.50859,45.06
1351,4.92352,8.982,0.992188,45.05
1352,3.54654,17.401,0,45.08
1353,2.46064,8.905,0.025,45.05
1354,5.29422,10.817,0,45.09
1355,6.32822,16.429,0.00273438,45.36
1356,3.12854,16.329,0,45.86
1357,2.00207,7.961,0.0175781,45.08
1358,3.71108,12.522,0.003125,45.07
1359,3.60432,10.226,0.00078125,45.07
1360,4.1637,9.573,0,45.03
1361,5.27721,12.308,0,45.02
1362,3.958,9.529,0,45.04
1363,4.17018,22.590,0,45.07
1364,2.62687,21.402,0,45.80
1365,5.77886,14.936,0.003125,45.05
1366,5.84706,10.268,0.0214844,45.09
1367,5.34707,9.561,0,45.09
1368,3.05393,9.622,0.0253906,45.10
1369,3.15703,7.673,0,45.08
1370,5.83603,12.328,0.0175781,45.06
1371,5.33895,10.176,0,45.08
1372,4.16733,18.279,3.13828,45.48
1373,3.58813,18.480,0.003125,45.03
1374,4.65441,13.308,0.028125,45.03
1375,4.68924,9.375,0,45.05
1376,3.69988,9.411,0,45.06
1377,2.87466,8.247,7.25703,45.06
1378,0.957328,12.592,0.0246094,45.08
1379,3.68197,9.750,0,45.08
1380,3.66489,15.222,0,45.24
1381,1.45713,17.997,0.0792969,45.88
1382,4.17874,8.869,0.0324219,45.09
1383,3.02892,7.299,0,45.12
1384,3.66056,14.975,0.00195312,45.08
1385,3.75485,16.984,0.0015625,45.09
1386,4.25426,9.692,0,45.04
1387,4.26294,9.867,0.0199219,45.06
1388,3.71222,10.886,0,45.09
1389,2.65625,18.652,0,45.58
1390,5.79314,14.003,0.0046875,45.13
1391,4.10231,8.384,0.0164063,45.10
1392,3.87818,11.983,0.00195312,45.13
1393,4.20014,14.643,0,44.89
1394,3.15408,10.141,0.00351563,44.91
1395,4.70687,14.030,0.0214844,44.92
1396,3.14803,10.361,0,44.94
1397,3.64458,16.082,0,44.99
1398,2.62115,20.158,1.82109,45.72
1399,2.58097,11.990,0.034375,44.80
1400,5.73961,8.564,0,44.81
1401,5.78942,9.776,0,44.83
1402,1.53151,10.267,0.000390625,44.86
1403,0.864439,15.347,5.50859,44.95
1404,1.53961,11.448,0.0183594,44.92
1405,1.44903,18.032,0,44.92
1406,2.54166,18.880,0,45.65
1407,3.0504,11.964,0.0273438,44.94
1408,0.889528,8.756,0.0175781,44.93
1409,1.53683,10.103,0.00195312,44.89
1410,5.34447,11.786,0,44.88
1411,4.74178,8.811,0.0285156,44.89
1412,1.50351,10.567,0.0210938,44.91
1413,3.07243,8.942,0,44.91
1414,5.37293,22.624,0,45.32
1415,4.66035,20.303,0.003125,44.93
1416,2.34712,11.077,0.0175781,44.93
1417,1.94941,10.281,0.00195312,44.94
1418,5.73846,10.557,0,44.94
1419,5.20977,10.835,0.01875,44.94
1420,3.53381,9.805,0.0277344,44.92
1421,4.71734,8.012,0,44.95
1422,3.10246,15.356,0,45.06
1423,4.70834,20.311,0,45.73
1424,5.82142,10.596,3.41328,45.00
1425,0.286313,11.177,0,45.00
1426,2.64857,15.584,0.00195312,44.99
1427,3.54804,9.509,0,45.00
1428,3.50978,14.100,0,45.03
1429,2.44352,12.126,3.32227,45.03
1430,2.52916,10.797,0.0980469,44.97
1431,4.23461,17.809,0,45.54
1432,5.86269,15.817,0.0351562,45.02
1433,4.66725,7.598,0.0152344,45.00
1434,3.06141,9.101,0.00234375,44.98
1435,2.52151,11.131,0,44.97
1436,4.21924,13.175,0.0410156,45.00
1437,5.24636,10.506,0.0625,44.99
1438,5.88337,10.259,0,45.03
1439,3.71101,18.096,0,45.35
1440,4.72971,14.985,0.003125,45.02
1441,2.99071,12.415,0.0175781,45.01
1442,1.94527,8.267,0.00234375,45.03
1443,4.73583,10.218,0,45.02
1444,4.69125,9.567,0,45.03
1445,3.90449,10.421,0.0199219,45.03
1446,1.83394,6.507,0.00234375,45.04
1447,3.62539,21.095,0,45.05
1448,4.73098,19.867,0,45.78
1449,2.44612,8.353,0.003125,45.03
1450,2.57819,8.069,3.27227,45.03
1451,2.84511,8.204,0.00234375,45.02
1452,5.82287,9.451,0,45.03
1453,5.25103,12.073,0,45.02
1454,4.66342,10.105,7.45469,45.05
1455,2.52726,9.818,0,45.08
1456,1.05371,19.732,0,45.62
1457,5.26208,16.831,0.003125,45.06
1458,4.74371,13.516,0.0230469,45.07
1459,5.83428,10.048,0.0046875,45.07
1460,1.40245,12.208,0,45.08
1461,4.77782,10.548,0,45.05
1462,3.6947,12.621,0.0195312,45.06
1463,1.97307,8.002,0.0453125,45.08
1464,4.74635,16.162,1.91016,45.36
1465,4.73286,17.414,0,45.09
1466,2.96488,11.138,0.0136719,45.08
1467,3.77679,11.569,0.00234375,45.10
1468,2.43879,16.336,0,45.06
1469,4.20014,9.637,0.0234375,45.07
1470,4.20481,11.977,0,45.09
1471,2.6283,8.735,0.0167969,45.08
1472,5.22022,13.869,0.960938,45.05
1473,2.61475,18.019,0,45.63
1474,4.82304,12.905,0.003125,45.04
1475,4.67345,7.418,0.0144531,45.04
1476,5.83551,8.950,0.162891,45.04
1477,3.19032,8.287,0,45.05
1478,4.66004,15.698,0,45.15
1479,3.64646,16.429,0.0277344,45.03
1480,3.31585,8.687,0.558203,45.07
1481,3.05414,16.823,3.0125,45.36
1482,5.36793,16.687,0,45.07
1483,3.6459,8.213,0.0386719,45.06
1484,5.17898,6.062,0.789844,45.02
1485,3.12045,8.925,0.00273438,45.01
1486,2.99415,6.485,0,45.03
1487,5.22235,9.096,0,45.03
1488,3.67817,8.440,0.0179688,45.02
1489,4.81119,17.431,3.76445,45.03
1490,4.23099,18.532,0,45.59
1491,2.96955,20.900,0.003125,45.07
1492,4.68588,8.022,0.0195312,45.07
1493,3.08079,9.152,0.152734,45.09
1494,4.20483,9.191,0.0242188,45.09
1495,2.50736,9.282,0,45.08
1496,3.66575,9.842,0.0140625,45.08
1497,3.13132,9.877,0,45.10
1498,4.13543,15.691,1.26211,45.25
1499,2.99284,19.719,0,45.86
1500,4.61013,9.843,0.0226563,45.09
1501,3.65989,9.957,0.00273438,45.10
1502,2.5372,8.118,0.157031,45.09
1503,3.12803,11.097,0,45.10
1504,5.72146,12.855,0,45.11
1505,4.69581,7.852,0.0285156,45.09
1506,1.42203,12.007,0,45.12
1507,4.64092,18.885,0.121484,45.67
1508,3.77319,11.362,0.003125,45.10
1509,4.16537,7.461,0.0195312,45.08
1510,4.72857,13.172,0.00273438,45.06
1511,2.53168,10.907,4.82852,45.08
1512,3.04479,11.233,0,45.10
1513,5.81745,10.962,0.0207031,45.10
1514,2.02013,9.622,0,45.09
1515,3.17106,17.473,3.74648,45.41
1516,3.0631,15.095,0.003125,45.08
1517,3.66929,11.253,0.0199219,45.06
1518,3.19494,11.009,0.00273438,45.07
1519,1.25346,10.000,0,44.82
1520,0.135598,10.115,0.0644531,44.65
